"","Unnamed..0","hlatype","antigen_peptide","antigen_peptide_length","bind_result","MHCflurry2.0_BA","MHCflurry2.0_PS","NetMHCpan4.1_BA","NetMHCpan4.1_EL","CapsNet-MHC_AN","TransPHLA","STMHCpan","BigMHC","variance","fn_contribute"
"1",4126,"HLA-A*02:01","DLTALVQMT",9,"positive",0,0,0,0,1,0,0,1,0.214285714285714,4
"2",14107,"HLA-A*02:01","APASRLLAL",9,"positive",0,1,0,1,1,1,1,1,0.214285714285714,8
"3",14155,"HLA-A*02:01","APNEKMKQV",9,"positive",0,1,0,1,0,0,1,1,0.285714285714286,8
"4",14433,"HLA-A*02:01","KPLEDQTQL",9,"positive",1,1,0,1,0,0,1,1,0.267857142857143,4
"5",14440,"HLA-A*02:01","KPMNEYRSV",9,"positive",0,1,0,0,1,0,1,0,0.267857142857143,10
"6",14547,"HLA-A*02:01","NAAERRGPL",9,"positive",0,1,0,0,1,0,1,0,0.267857142857143,10
"7",14572,"HLA-A*02:01","NVRPPNTAL",9,"positive",1,1,0,1,1,1,1,1,0.125,4
"8",14667,"HLA-A*02:01","RPDGHQNNL",9,"positive",0,1,0,1,0,1,1,0,0.285714285714286,4
"9",14670,"HLA-A*02:01","RPDSFVLIL",9,"positive",0,1,1,1,1,1,1,1,0.125,4
"10",14739,"HLA-A*02:01","RPMSESPHM",9,"positive",0,0,0,0,0,0,1,0,0.125,4
"11",24362,"HLA-A*02:01","IPIKKSDPV",9,"positive",0,1,0,0,1,0,1,1,0.285714285714286,12
"12",28055,"HLA-A*02:01","FILDEVDVH",9,"positive",0,0,0,1,1,0,1,1,0.285714285714286,6
"13",28521,"HLA-A*02:01","HPTDVDYRV",9,"positive",0,1,0,1,1,0,1,1,0.267857142857143,10
"14",28767,"HLA-A*02:01","KHEGELQSV",9,"positive",0,0,0,0,0,0,1,0,0.125,4
"15",28793,"HLA-A*02:01","KKLEQLKEV",9,"positive",1,1,0,1,0,0,1,1,0.267857142857143,4
"16",29058,"HLA-A*02:01","LFGHLERGV",9,"positive",0,0,0,0,0,0,1,0,0.125,4
"17",29062,"HLA-A*02:01","LGLQRVSTL",9,"positive",1,1,0,1,1,1,1,1,0.125,4
"18",29572,"HLA-A*02:01","QYDLATKRV",9,"positive",0,0,0,0,0,0,1,1,0.214285714285714,6
"19",29662,"HLA-A*02:01","SGPGKGVSV",9,"positive",1,1,0,1,1,1,1,1,0.125,4
"20",29809,"HLA-A*02:01","SLSQSVHVK",9,"positive",1,1,0,1,1,1,1,1,0.125,4
"21",30097,"HLA-A*02:01","VEDSNNHHL",9,"positive",1,1,0,1,1,1,1,1,0.125,4
"22",46082,"HLA-A*02:01","GGPPPPPAA",9,"positive",1,1,0,1,0,0,1,1,0.267857142857143,4
"23",47151,"HLA-A*02:01","ILYDERSVH",9,"positive",0,0,0,1,1,0,1,1,0.285714285714286,6
"24",47385,"HLA-A*02:01","ITTTINPRF",9,"positive",0,1,0,1,1,1,1,1,0.214285714285714,8
"25",52851,"HLA-A*02:01","TRVHALNNV",9,"positive",0,0,0,0,0,0,1,0,0.125,4
"26",54335,"HLA-A*02:01","LDGDELLTV",9,"positive",1,1,0,1,0,0,1,1,0.267857142857143,4
"27",54360,"HLA-A*02:01","ELGDFLLLN",9,"positive",0,0,0,0,1,1,1,1,0.285714285714286,6
"28",54450,"HLA-A*02:01","KLQTNELLK",9,"positive",0,0,0,0,0,0,1,1,0.214285714285714,6
"29",54740,"HLA-A*02:01","LLGVSDLVR",9,"positive",0,0,0,0,0,0,1,1,0.214285714285714,6
"30",54756,"HLA-A*02:01","AVGGALVLQ",9,"positive",0,0,0,0,0,0,1,1,0.214285714285714,6
"31",54860,"HLA-A*02:01","HLKEDQTEY",9,"positive",1,1,0,1,1,1,1,1,0.125,4
"32",55134,"HLA-A*02:01","RAPPTPRKV",9,"positive",1,1,0,1,1,1,1,1,0.125,4
"33",55242,"HLA-A*02:01","YDEESLLSL",9,"positive",1,1,0,1,0,0,1,1,0.267857142857143,4
"34",55364,"HLA-A*02:01","PSYIILTML",9,"positive",0,0,0,0,0,0,1,0,0.125,4
"35",55470,"HLA-A*02:01","ELREGFVEY",9,"positive",1,1,0,1,1,1,1,1,0.125,4
"36",55505,"HLA-A*02:01","DMFAHPYQY",9,"positive",1,1,0,1,1,1,1,1,0.125,4
"37",55683,"HLA-A*02:01","SAQDGTRPL",9,"positive",1,1,0,1,1,0,1,1,0.214285714285714,6
"38",55727,"HLA-A*02:01","KKIDNSPQI",9,"positive",1,1,0,1,0,0,1,1,0.267857142857143,4
"39",56130,"HLA-A*02:01","DLYQGAAQY",9,"positive",0,1,0,1,1,1,1,1,0.214285714285714,8
"40",56211,"HLA-A*02:01","TLNNSTQTY",9,"positive",1,1,0,1,1,1,1,1,0.125,4
"41",56584,"HLA-A*02:01","DLAGSIIGK",9,"positive",1,1,0,0,0,1,1,1,0.267857142857143,4
"42",56743,"HLA-A*02:01","GIIRPGTAF",9,"positive",0,1,0,1,1,1,1,1,0.214285714285714,8
"43",56805,"HLA-A*02:01","SLSLRAVIQ",9,"positive",0,0,0,0,0,0,1,1,0.214285714285714,6
"44",56921,"HLA-A*02:01","DLKDLGVAY",9,"positive",0,1,0,0,1,1,1,1,0.267857142857143,10
"45",57433,"HLA-A*02:01","ALNTVQTLK",9,"positive",1,1,0,1,1,1,1,1,0.125,4
"46",57487,"HLA-A*02:01","TLQQKLRLH",9,"positive",0,0,0,0,0,0,1,1,0.214285714285714,6
"47",57874,"HLA-A*02:01","IEASIKLEI",9,"positive",1,1,0,1,1,1,1,1,0.125,4
"48",58105,"HLA-A*02:01","PAEVVVATV",9,"positive",0,0,0,0,0,0,1,1,0.214285714285714,6
"49",58230,"HLA-A*02:01","NLAEKLIVN",9,"positive",0,0,0,0,1,1,1,1,0.285714285714286,6
"50",58241,"HLA-A*02:01","QNRATIVTV",9,"positive",0,0,0,0,1,0,1,0,0.214285714285714,6
"51",58327,"HLA-A*02:01","ALSLGLGLR",9,"positive",0,0,0,0,0,0,1,1,0.214285714285714,6
"52",58579,"HLA-A*02:01","THVTLLITV",9,"positive",1,1,1,0,1,0,1,1,0.214285714285714,4
"53",58738,"HLA-A*02:01","EALERTEKL",9,"positive",1,1,0,1,1,0,1,1,0.214285714285714,6
"54",58747,"HLA-A*02:01","ALGYLQLLN",9,"positive",0,0,0,0,1,0,1,1,0.267857142857143,8
"55",58759,"HLA-A*02:01","YPELQIARV",9,"positive",0,1,0,0,1,1,1,1,0.267857142857143,10
"56",58919,"HLA-A*02:01","SDLPVEHKV",9,"positive",1,1,0,1,0,0,1,1,0.267857142857143,4
"57",59130,"HLA-A*02:01","VVPDYAAVW",9,"positive",0,1,0,0,0,0,0,0,0.125,4
"58",59202,"HLA-A*02:01","LNSAIMPPL",9,"positive",1,1,1,0,1,0,1,1,0.214285714285714,4
"59",59447,"HLA-A*02:01","DIFIVDQHA",9,"positive",0,1,0,0,1,1,0,0,0.267857142857143,4
"60",59804,"HLA-A*02:01","ELLKLLELQ",9,"positive",0,0,0,0,0,0,1,1,0.214285714285714,6
"61",59961,"HLA-A*02:01","IRINAVHQL",9,"positive",1,1,0,1,1,1,1,1,0.125,4
"62",60245,"HLA-A*02:01","SLNPTISAH",9,"positive",0,0,0,1,1,1,1,1,0.267857142857143,4
"63",60321,"HLA-A*02:01","ESINHKLEL",9,"positive",0,1,0,1,1,1,1,1,0.214285714285714,8
"64",60486,"HLA-A*02:01","LLSSIKLFE",9,"positive",0,0,1,0,1,0,1,1,0.285714285714286,4
"65",60899,"HLA-A*02:01","KLAAGPRLQ",9,"positive",0,0,0,0,0,0,1,1,0.214285714285714,6
"66",61116,"HLA-A*02:01","VNNKVIKSV",9,"positive",1,1,0,1,1,1,1,1,0.125,4
"67",61139,"HLA-A*02:01","SRAKVKFNV",9,"positive",0,1,0,1,1,0,1,0,0.285714285714286,8
"68",61289,"HLA-A*02:01","LGPEPQPAL",9,"positive",1,1,0,1,0,0,1,1,0.267857142857143,4
"69",61359,"HLA-A*02:01","ELKREHTSY",9,"positive",0,0,0,0,0,0,1,0,0.125,4
"70",61748,"HLA-A*02:01","PTLLLISKL",9,"positive",0,0,0,0,1,0,1,1,0.267857142857143,8
"71",61967,"HLA-A*02:01","TNLRLIESL",9,"positive",1,0,0,0,1,0,1,1,0.285714285714286,4
"72",62112,"HLA-A*02:01","ALKKGLIPR",9,"positive",1,1,0,1,1,1,1,1,0.125,4
"73",62177,"HLA-A*02:01","DLHVLTVIS",9,"positive",0,0,0,0,0,0,1,1,0.214285714285714,6
"74",62228,"HLA-A*02:01","LLNKDKLVK",9,"positive",0,0,0,0,0,0,1,1,0.214285714285714,6
"75",62249,"HLA-A*02:01","FRLDTPLYF",9,"positive",0,1,1,1,1,1,1,1,0.125,4
"76",62675,"HLA-A*02:01","RKDLGLTTV",9,"positive",0,1,0,1,0,0,1,1,0.285714285714286,8
"77",63057,"HLA-A*02:01","VPRTSEIYV",9,"positive",0,0,0,0,0,0,1,0,0.125,4
"78",63327,"HLA-A*02:01","ALVDQRELY",9,"positive",1,1,0,1,1,1,1,1,0.125,4
"79",89223,"HLA-A*02:01","YLKVKGNVF",9,"positive",0,1,0,1,1,1,1,0,0.267857142857143,6
"80",113976,"HLA-A*02:01","LDTRNNVKV",9,"positive",0,0,0,0,0,0,1,0,0.125,4
"81",114127,"HLA-A*02:01","IDQIKIEEL",9,"positive",1,1,0,0,0,1,1,1,0.267857142857143,4
"82",114150,"HLA-A*02:01","GAQEARVSL",9,"positive",1,1,0,1,1,0,1,1,0.214285714285714,6
"83",115071,"HLA-A*02:01","SHLLSISEL",9,"positive",0,1,0,0,0,0,1,1,0.267857142857143,10
"84",125231,"HLA-A*02:01","VYFSKSEQL",9,"positive",1,1,0,1,1,1,1,1,0.125,4
"85",125239,"HLA-A*02:01","VYGSFASKL",9,"positive",0,1,0,0,1,1,0,0,0.267857142857143,4
"86",125332,"HLA-A*02:01","NYTEWLQDL",9,"positive",0,1,0,0,1,1,0,1,0.285714285714286,6
"87",125399,"HLA-A*02:01","QYVSAFSKL",9,"positive",0,1,0,0,1,1,0,0,0.267857142857143,4
"88",125411,"HLA-A*02:01","SYVPKVAGL",9,"positive",1,1,0,1,1,1,1,1,0.125,4
"89",125414,"HLA-A*02:01","AETGQVQKI",9,"positive",1,1,0,1,1,1,1,1,0.125,4
"90",125682,"HLA-A*02:01","TYLLSVYRL",9,"positive",0,1,1,1,1,1,1,1,0.125,4
"91",125694,"HLA-A*02:01","KYAMMFAEL",9,"positive",0,1,1,0,1,1,1,0,0.267857142857143,4
"92",125708,"HLA-A*02:01","GEHGLIIRV",9,"positive",1,1,0,1,1,1,1,1,0.125,4
"93",125765,"HLA-A*02:01","SRPALPFIL",9,"positive",0,1,0,0,0,0,0,1,0.214285714285714,6
"94",126898,"HLA-A*02:01","RYQFTPAFL",9,"positive",0,1,1,0,1,1,1,0,0.267857142857143,4
"95",127030,"HLA-A*02:01","LSDRTDPAA",9,"positive",0,0,0,0,0,0,1,1,0.214285714285714,6
"96",127077,"HLA-A*02:01","KYLFPLNEI",9,"positive",0,1,1,1,1,1,1,1,0.125,4
"97",127294,"HLA-A*02:01","ALSAMPTVR",9,"positive",0,0,0,1,1,1,1,1,0.267857142857143,4
"98",141133,"HLA-A*02:01","VLSPADKTN",9,"positive",0,0,0,0,0,0,1,1,0.214285714285714,6
"99",141212,"HLA-A*02:01","LLSHQPPSN",9,"positive",0,0,0,0,0,0,1,1,0.214285714285714,6
"100",146045,"HLA-A*02:01","TTRTQLPSA",9,"positive",0,0,0,1,1,0,1,1,0.285714285714286,6
"101",4400,"HLA-B*15:02","FEMLKAYKM",9,"positive",1,1,1,1,1,0,1,1,0.125,4
"102",63620,"HLA-B*15:02","AGLQFPVGR",9,"positive",0,0,0,0,0,0,1,1,0.214285714285714,8
"103",63649,"HLA-B*15:02","AKEAGERTF",9,"positive",0,0,0,0,0,0,1,1,0.214285714285714,8
"104",63866,"HLA-B*15:02","APVDLASKL",9,"positive",1,1,0,1,0,0,0,1,0.285714285714286,6
"105",64162,"HLA-B*15:02","DAHEFLIAA",9,"positive",0,1,1,0,0,0,0,1,0.267857142857143,4
"106",64285,"HLA-B*15:02","DARLLCNFM",9,"positive",0,0,1,0,0,0,1,1,0.267857142857143,6
"107",64604,"HLA-B*15:02","DFRKINHEM",9,"positive",1,1,1,1,1,0,1,1,0.125,4
"108",65095,"HLA-B*15:02","DLISRTAVV",9,"positive",0,1,1,0,0,0,0,1,0.267857142857143,4
"109",65288,"HLA-B*15:02","DLRAPDVVI",9,"positive",0,0,0,0,0,0,0,1,0.125,4
"110",65328,"HLA-B*15:02","DLRPDERRF",9,"positive",1,1,1,1,0,1,1,1,0.125,4
"111",65533,"HLA-B*15:02","DMARVSTYT",9,"positive",0,0,0,0,0,0,0,1,0.125,4
"112",65544,"HLA-B*15:02","DMFIVHNEL",9,"positive",1,1,1,1,0,1,1,1,0.125,4
"113",65750,"HLA-B*15:02","DPLQQGQAL",9,"positive",0,0,0,1,0,0,1,1,0.267857142857143,6
"114",65997,"HLA-B*15:02","DQLGLPQTL",9,"positive",1,1,1,1,0,0,1,1,0.214285714285714,8
"115",66075,"HLA-B*15:02","DQREYQQEL",9,"positive",1,1,1,1,0,1,1,1,0.125,4
"116",66115,"HLA-B*15:02","DQSKTVLLL",9,"positive",1,1,1,1,0,1,1,1,0.125,4
"117",66199,"HLA-B*15:02","DQYPYLKSV",9,"positive",1,1,1,1,1,0,1,1,0.125,4
"118",66347,"HLA-B*15:02","DVEAGSRCF",9,"positive",1,1,1,1,0,1,1,1,0.125,4
"119",66604,"HLA-B*15:02","DVVGSGTEL",9,"positive",1,1,1,1,1,0,1,1,0.125,4
"120",66925,"HLA-B*15:02","EFDEGSIIF",9,"positive",1,1,1,1,1,0,1,1,0.125,4
"121",66976,"HLA-B*15:02","EFWLACEEF",9,"positive",1,1,1,1,1,0,1,1,0.125,4
"122",67040,"HLA-B*15:02","EICPPGMSH",9,"positive",1,1,1,1,0,0,0,1,0.267857142857143,4
"123",67235,"HLA-B*15:02","ELEGKLRVF",9,"positive",1,1,1,1,0,1,1,1,0.125,4
"124",67275,"HLA-B*15:02","ELFQTCAVL",9,"positive",1,1,1,1,0,1,1,1,0.125,4
"125",67513,"HLA-B*15:02","ELRPDSPAH",9,"positive",1,1,1,1,1,0,1,1,0.125,4
"126",67613,"HLA-B*15:02","ELYKGMTEH",9,"positive",1,1,1,1,1,0,1,1,0.125,4
"127",67731,"HLA-B*15:02","EMMDAQLRL",9,"positive",1,1,1,1,0,1,1,1,0.125,4
"128",67918,"HLA-B*15:02","EQFCLKTHM",9,"positive",1,1,1,1,1,0,1,1,0.125,4
"129",68062,"HLA-B*15:02","EQNGHQLLV",9,"positive",0,1,0,0,0,0,0,1,0.214285714285714,6
"130",68136,"HLA-B*15:02","EQRVHKTDL",9,"positive",0,0,0,0,0,0,0,1,0.125,4
"131",68262,"HLA-B*15:02","ESYSVYVYK",9,"positive",0,0,0,0,0,0,0,1,0.125,4
"132",68837,"HLA-B*15:02","FFENHPASI",9,"positive",1,1,1,0,0,1,1,1,0.214285714285714,6
"133",69092,"HLA-B*15:02","FLDVLNTMM",9,"positive",1,1,1,1,1,0,1,1,0.125,4
"134",70121,"HLA-B*15:02","FVDLEPTVI",9,"positive",1,1,0,0,0,0,0,1,0.267857142857143,8
"135",70354,"HLA-B*15:02","FYEETKVKF",9,"positive",1,1,1,1,1,0,1,1,0.125,4
"136",70869,"HLA-B*15:02","HFDFQGCNF",9,"positive",1,1,1,1,1,0,1,1,0.125,4
"137",70983,"HLA-B*15:02","HICKDMSAL",9,"positive",1,1,1,1,0,1,1,1,0.125,4
"138",71124,"HLA-B*15:02","HLAAAAAAA",9,"positive",0,0,1,0,0,0,1,1,0.267857142857143,6
"139",71349,"HLA-B*15:02","HLKVEDVSA",9,"positive",0,0,0,0,0,0,0,1,0.125,4
"140",71372,"HLA-B*15:02","HLLLNSEKM",9,"positive",1,1,1,1,0,1,1,1,0.125,4
"141",71516,"HLA-B*15:02","HLRDPVAIV",9,"positive",1,1,1,1,0,0,0,1,0.267857142857143,4
"142",72229,"HLA-B*15:02","HVEKLARTL",9,"positive",1,0,0,1,0,0,1,1,0.285714285714286,8
"143",72460,"HLA-B*15:02","HVVQPGYPA",9,"positive",0,1,1,0,0,0,0,1,0.267857142857143,4
"144",72469,"HLA-B*15:02","HVYDGKFLA",9,"positive",0,1,0,0,0,0,0,1,0.214285714285714,6
"145",72724,"HLA-B*15:02","IHDFVLEQF",9,"positive",0,1,0,1,0,1,1,1,0.267857142857143,4
"146",72726,"HLA-B*15:02","IHDHSKAEF",9,"positive",1,1,0,1,0,0,1,1,0.267857142857143,10
"147",73185,"HLA-B*15:02","IPVNEKETL",9,"positive",1,1,0,0,1,1,1,1,0.214285714285714,4
"148",73474,"HLA-B*15:02","IYDMIGQAI",9,"positive",1,1,0,0,0,0,0,0,0.214285714285714,4
"149",73513,"HLA-B*15:02","IYSEEIVEM",9,"positive",1,1,1,1,1,0,1,1,0.125,4
"150",73743,"HLA-B*15:02","KYDASAIDF",9,"positive",1,1,0,0,1,1,1,1,0.214285714285714,4
"151",73967,"HLA-B*15:02","LFHTIETLM",9,"positive",1,1,1,1,0,0,1,1,0.214285714285714,8
"152",74559,"HLA-B*15:02","LPNIQAVLL",9,"positive",1,1,1,1,1,0,1,1,0.125,4
"153",74572,"HLA-B*15:02","LPQEDLEAL",9,"positive",1,1,0,0,1,1,1,1,0.214285714285714,4
"154",74643,"HLA-B*15:02","LPTENVDKM",9,"positive",1,1,0,0,1,1,1,1,0.214285714285714,4
"155",75072,"HLA-B*15:02","MASQPPPPP",9,"positive",0,0,0,0,0,0,0,1,0.125,4
"156",75126,"HLA-B*15:02","MFDPNINHI",9,"positive",1,1,0,1,0,0,1,1,0.267857142857143,10
"157",75495,"HLA-B*15:02","MMDSLISQL",9,"positive",1,1,1,1,1,0,1,1,0.125,4
"158",75747,"HLA-B*15:02","MPSDVLEVT",9,"positive",0,1,0,0,0,1,1,1,0.285714285714286,6
"159",76371,"HLA-B*15:02","NIGPCSSVL",9,"positive",1,0,1,0,0,0,1,0,0.267857142857143,4
"160",76413,"HLA-B*15:02","NILGTVSVL",9,"positive",1,1,1,1,0,1,1,1,0.125,4
"161",76570,"HLA-B*15:02","NLGRFITVM",9,"positive",1,1,1,1,1,0,1,1,0.125,4
"162",76635,"HLA-B*15:02","NLLEKMLVL",9,"positive",1,1,1,1,1,0,1,1,0.125,4
"163",76689,"HLA-B*15:02","NLNAVRETM",9,"positive",1,1,1,1,1,0,1,1,0.125,4
"164",76694,"HLA-B*15:02","NLNIVLSCF",9,"positive",1,1,1,1,0,1,1,1,0.125,4
"165",77331,"HLA-B*15:02","NVKVDPEIQ",9,"positive",0,0,0,0,0,0,1,1,0.214285714285714,8
"166",77532,"HLA-B*15:02","PIYAVTVSM",9,"positive",1,1,1,1,1,0,1,1,0.125,4
"167",77568,"HLA-B*15:02","PNPSEVQNY",9,"positive",0,0,0,0,0,0,1,0,0.125,4
"168",77632,"HLA-B*15:02","PYIEAEVKY",9,"positive",1,1,0,0,1,1,1,1,0.214285714285714,4
"169",77907,"HLA-B*15:02","QLAKAVLRM",9,"positive",1,1,1,1,1,0,1,1,0.125,4
"170",77933,"HLA-B*15:02","QLENSKRKF",9,"positive",1,0,0,1,0,0,0,1,0.267857142857143,4
"171",78052,"HLA-B*15:02","QLNRVSLEM",9,"positive",1,1,1,1,1,0,1,1,0.125,4
"172",78099,"HLA-B*15:02","QLRLFDPQL",9,"positive",0,0,1,1,0,0,1,1,0.285714285714286,4
"173",78750,"HLA-B*15:02","RFDCSDRQF",9,"positive",1,1,0,1,0,0,1,1,0.267857142857143,10
"174",79024,"HLA-B*15:02","SDMAPVLIM",9,"positive",1,0,1,0,0,1,1,1,0.267857142857143,4
"175",79043,"HLA-B*15:02","SEYNNFKSM",9,"positive",1,1,1,1,1,0,1,1,0.125,4
"176",79157,"HLA-B*15:02","SFSSPLLAM",9,"positive",1,1,1,1,0,1,1,1,0.125,4
"177",79161,"HLA-B*15:02","SFWEQKMDF",9,"positive",1,1,1,1,1,0,1,1,0.125,4
"178",79384,"HLA-B*15:02","SLAPAGPAV",9,"positive",1,1,1,1,1,0,1,1,0.125,4
"179",79511,"HLA-B*15:02","SLGHFTKSM",9,"positive",1,1,1,1,1,0,1,1,0.125,4
"180",79755,"HLA-B*15:02","SLNSSSLLM",9,"positive",1,1,1,1,1,0,1,1,0.125,4
"181",80311,"HLA-B*15:02","SQDPGTHVV",9,"positive",1,1,0,1,0,0,1,1,0.267857142857143,10
"182",80585,"HLA-B*15:02","SRPPGQGEF",9,"positive",0,0,0,0,0,0,0,1,0.125,4
"183",80664,"HLA-B*15:02","SVAEKLSKL",9,"positive",1,1,0,1,0,0,0,1,0.285714285714286,6
"184",81043,"HLA-B*15:02","TAKGGDISV",9,"positive",1,1,0,0,0,1,0,1,0.285714285714286,4
"185",81296,"HLA-B*15:02","TIADAFIAA",9,"positive",0,1,1,0,0,1,1,1,0.267857142857143,4
"186",81315,"HLA-B*15:02","TIAQEHSTL",9,"positive",1,1,1,1,0,1,1,1,0.125,4
"187",81561,"HLA-B*15:02","TLETHIKIF",9,"positive",1,1,1,1,1,0,1,1,0.125,4
"188",81798,"HLA-B*15:02","TLLSARQGM",9,"positive",1,0,1,1,0,0,1,1,0.267857142857143,6
"189",81871,"HLA-B*15:02","TLPHEILEM",9,"positive",1,1,1,1,1,0,1,1,0.125,4
"190",82257,"HLA-B*15:02","TNGKPSAIF",9,"positive",1,0,0,0,0,1,1,1,0.285714285714286,6
"191",82267,"HLA-B*15:02","TPAPPGPAT",9,"positive",1,1,0,0,0,0,1,1,0.285714285714286,12
"192",82634,"HLA-B*15:02","TSAPPFASA",9,"positive",0,1,1,0,0,0,0,1,0.267857142857143,4
"193",82760,"HLA-B*15:02","TVARSPVAP",9,"positive",0,0,0,0,0,0,0,1,0.125,4
"194",82885,"HLA-B*15:02","TVLPFVSTV",9,"positive",1,1,1,0,0,0,0,1,0.285714285714286,6
"195",82975,"HLA-B*15:02","TVRSTDPVT",9,"positive",0,0,0,0,0,0,0,1,0.125,4
"196",83168,"HLA-B*15:02","VDDTQFVRF",9,"positive",0,0,0,0,0,0,0,1,0.125,4
"197",83775,"HLA-B*15:02","VWDDISPQF",9,"positive",1,1,1,1,1,0,1,1,0.125,4
"198",83837,"HLA-B*15:02","VYDTVFKHF",9,"positive",1,1,0,1,1,0,1,1,0.214285714285714,6
"199",84581,"HLA-B*15:02","YLYTKEQLL",9,"positive",1,1,1,1,1,0,1,1,0.125,4
"200",85208,"HLA-B*15:02","YVQDYEDFM",9,"positive",1,1,1,0,0,1,1,1,0.214285714285714,6
"201",92589,"HLA-C*05:01","RVPPPPPIA",9,"positive",1,1,0,1,1,0,1,1,0.214285714285714,4
"202",92942,"HLA-C*05:01","YGPGLTHGV",9,"positive",1,1,0,1,1,1,1,0,0.214285714285714,6
"203",96194,"HLA-C*05:01","ALNANGLKL",9,"positive",1,1,1,1,1,0,1,0,0.214285714285714,6
"204",98584,"HLA-C*05:01","RLQQPRLSL",9,"positive",1,1,1,1,1,1,1,0,0.125,4
"205",98732,"HLA-C*05:01","DVEEESLAL",9,"positive",1,1,0,1,1,1,1,0,0.214285714285714,6
"206",101047,"HLA-C*05:01","IYEETRGVL",9,"positive",1,1,0,0,1,1,1,0,0.267857142857143,4
"207",101049,"HLA-C*05:01","SADETWDSA",9,"positive",1,1,1,1,1,1,1,0,0.125,4
"208",101286,"HLA-C*05:01","ILLDVNPKF",9,"positive",0,1,1,1,1,1,1,1,0.125,4
"209",101603,"HLA-C*05:01","GLEDDQRSM",9,"positive",1,1,1,1,1,0,1,0,0.214285714285714,6
"210",104173,"HLA-C*05:01","FIENEEQEY",9,"positive",1,1,1,1,1,1,1,0,0.125,4
"211",104814,"HLA-C*05:01","RLEKAINPL",9,"positive",1,1,1,1,1,1,1,0,0.125,4
"212",104857,"HLA-C*05:01","NVEPLTKAI",9,"positive",1,1,1,1,1,0,1,0,0.214285714285714,6
"213",104868,"HLA-C*05:01","TVESLEETL",9,"positive",1,1,1,1,1,1,1,0,0.125,4
"214",107709,"HLA-C*05:01","FLNNFDRDM",9,"positive",1,1,1,0,1,0,1,0,0.267857142857143,4
"215",107995,"HLA-C*05:01","ASDEANLEA",9,"positive",1,1,1,1,1,1,1,0,0.125,4
"216",111223,"HLA-C*05:01","MVPDLTKGV",9,"positive",1,1,1,1,1,1,1,0,0.125,4
"217",111599,"HLA-C*05:01","HLDLIESDY",9,"positive",1,1,1,1,1,1,1,0,0.125,4
"218",112248,"HLA-C*05:01","FTSGLQAGL",9,"positive",1,1,1,1,1,1,1,0,0.125,4
"219",112525,"HLA-C*05:01","ETDEQLQNI",9,"positive",1,1,1,1,1,1,1,0,0.125,4
"220",113090,"HLA-C*05:01","YPELQIARV",9,"positive",0,1,1,1,1,1,1,1,0.125,4
"221",113305,"HLA-C*05:01","CTNDNIPSV",9,"positive",1,1,1,1,1,1,1,0,0.125,4
"222",113748,"HLA-C*05:01","SLDPSHERA",9,"positive",1,1,1,1,1,1,1,0,0.125,4
"223",116533,"HLA-C*05:01","AEDAMRLYY",9,"positive",0,1,0,1,1,1,0,0,0.285714285714286,6
"224",116748,"HLA-C*05:01","ALHHAVIFL",9,"positive",1,1,0,1,1,0,1,1,0.214285714285714,4
"225",116780,"HLA-C*05:01","ALLDGRLQV",9,"positive",1,1,1,1,1,1,1,0,0.125,4
"226",116984,"HLA-C*05:01","ALWNEEALL",9,"positive",0,1,1,1,1,0,1,1,0.214285714285714,6
"227",117004,"HLA-C*05:01","ALYHLAIKL",9,"positive",0,1,0,0,0,0,1,1,0.267857142857143,4
"228",117228,"HLA-C*05:01","AVMLHSFTL",9,"positive",0,1,1,1,1,1,1,1,0.125,4
"229",117287,"HLA-C*05:01","DAYETTLHV",9,"positive",1,1,0,1,1,1,1,0,0.214285714285714,6
"230",117385,"HLA-C*05:01","EAFDRSFEV",9,"positive",1,1,1,1,1,1,1,0,0.125,4
"231",117800,"HLA-C*05:01","FLKEKVPGI",9,"positive",1,1,0,1,1,1,1,0,0.214285714285714,6
"232",118035,"HLA-C*05:01","FVARMIPKV",9,"positive",0,1,1,1,1,1,1,1,0.125,4
"233",118059,"HLA-C*05:01","FYFASKLVL",9,"positive",0,1,0,0,1,1,0,0,0.267857142857143,4
"234",118156,"HLA-C*05:01","GLHSYFITV",9,"positive",0,1,0,0,1,0,1,1,0.285714285714286,6
"235",118248,"HLA-C*05:01","GLSNHIAAL",9,"positive",1,1,1,1,1,1,1,0,0.125,4
"236",118326,"HLA-C*05:01","GTMDVHHHW",9,"positive",0,1,0,0,1,0,0,0,0.214285714285714,6
"237",118368,"HLA-C*05:01","HAWDHAKSV",9,"positive",1,1,1,1,1,1,1,0,0.125,4
"238",118526,"HLA-C*05:01","HLAKNVVMV",9,"positive",0,1,0,1,1,0,1,1,0.267857142857143,8
"239",118626,"HLA-C*05:01","HLQEKLQSL",9,"positive",1,1,1,1,1,1,1,0,0.125,4
"240",118925,"HLA-C*05:01","ILAAVETRL",9,"positive",0,1,1,1,1,1,1,1,0.125,4
"241",119029,"HLA-C*05:01","ILMGVLKEV",9,"positive",0,1,1,1,1,1,1,1,0.125,4
"242",119159,"HLA-C*05:01","ISNPTRHVY",9,"positive",1,1,1,1,1,1,1,0,0.125,4
"243",119319,"HLA-C*05:01","KFEDKTVAY",9,"positive",1,1,0,1,1,0,1,1,0.214285714285714,4
"244",119363,"HLA-C*05:01","KIFEFKETL",9,"positive",1,1,0,1,1,0,1,1,0.214285714285714,4
"245",119622,"HLA-C*05:01","KLGAVFNQV",9,"positive",0,1,0,0,1,1,1,1,0.267857142857143,4
"246",119687,"HLA-C*05:01","KLIKGVERL",9,"positive",1,1,0,1,1,1,1,0,0.214285714285714,6
"247",119807,"HLA-C*05:01","KLLSENTNL",9,"positive",0,1,1,1,0,1,1,0,0.267857142857143,6
"248",119859,"HLA-C*05:01","KLNTAVRQV",9,"positive",1,1,0,1,1,1,1,0,0.214285714285714,6
"249",119993,"HLA-C*05:01","KLWKSGFSL",9,"positive",0,1,1,1,1,1,0,0,0.267857142857143,4
"250",120086,"HLA-C*05:01","KMKDTVQKL",9,"positive",1,1,0,1,1,1,1,0,0.214285714285714,6
"251",120128,"HLA-C*05:01","KMSSVKLRL",9,"positive",0,1,1,1,1,1,1,1,0.125,4
"252",120187,"HLA-C*05:01","KQLEHVMHF",9,"positive",0,1,1,1,1,1,1,0,0.214285714285714,8
"253",120306,"HLA-C*05:01","KTFQFLHQF",9,"positive",0,1,0,1,1,1,1,1,0.214285714285714,6
"254",120315,"HLA-C*05:01","KTFTWSSTL",9,"positive",1,1,1,1,1,1,1,0,0.125,4
"255",120511,"HLA-C*05:01","KVFKLQTTL",9,"positive",1,1,0,1,1,1,1,0,0.214285714285714,6
"256",120515,"HLA-C*05:01","KVFKNITVI",9,"positive",1,1,0,0,1,0,1,0,0.285714285714286,6
"257",120618,"HLA-C*05:01","KVLGIVVGV",9,"positive",0,1,0,0,1,1,1,0,0.285714285714286,8
"258",120833,"HLA-C*05:01","LLFDQNDKV",9,"positive",1,1,1,1,1,1,1,0,0.125,4
"259",120950,"HLA-C*05:01","LPYEQSSLL",9,"positive",0,1,1,1,1,1,1,1,0.125,4
"260",121219,"HLA-C*05:01","NLLPKLHIV",9,"positive",0,1,0,1,0,0,0,0,0.214285714285714,6
"261",121408,"HLA-C*05:01","QLLKSLPEL",9,"positive",0,0,0,1,0,0,1,0,0.214285714285714,6
"262",121465,"HLA-C*05:01","QLYSVDVTL",9,"positive",0,0,0,1,0,1,1,0,0.267857142857143,4
"263",121650,"HLA-C*05:01","RIAHIPLYF",9,"positive",0,1,1,1,1,1,1,1,0.125,4
"264",121665,"HLA-C*05:01","RIHENGYNF",9,"positive",0,1,1,0,0,0,1,0,0.267857142857143,6
"265",121707,"HLA-C*05:01","RIMNLTVML",9,"positive",0,1,1,1,1,1,1,1,0.125,4
"266",122199,"HLA-C*05:01","RMAQPIVAF",9,"positive",0,1,1,1,1,1,1,1,0.125,4
"267",122202,"HLA-C*05:01","RMEEEQHHW",9,"positive",0,1,0,1,0,0,1,0,0.267857142857143,10
"268",122218,"HLA-C*05:01","RMFSDPSSF",9,"positive",0,1,1,1,1,1,1,1,0.125,4
"269",122361,"HLA-C*05:01","RSSDAHSSW",9,"positive",0,1,1,1,1,0,0,0,0.285714285714286,6
"270",122432,"HLA-C*05:01","RTLPKLYSL",9,"positive",1,1,1,1,1,1,1,0,0.125,4
"271",122437,"HLA-C*05:01","RTMESTKEF",9,"positive",0,1,1,1,1,1,1,1,0.125,4
"272",122619,"HLA-C*05:01","RYIPDAMNL",9,"positive",0,1,0,0,1,1,0,0,0.267857142857143,4
"273",122894,"HLA-C*05:01","SIGETVEEV",9,"positive",1,1,1,1,1,1,1,0,0.125,4
"274",122986,"HLA-C*05:01","SLASLLAKV",9,"positive",0,1,1,1,1,1,1,1,0.125,4
"275",122992,"HLA-C*05:01","SLATSLPRL",9,"positive",0,1,1,1,1,0,1,1,0.214285714285714,6
"276",123088,"HLA-C*05:01","SLIARLERL",9,"positive",0,1,0,0,1,0,1,0,0.267857142857143,10
"277",123107,"HLA-C*05:01","SLIFKLEEL",9,"positive",1,1,1,1,1,0,1,0,0.214285714285714,6
"278",123169,"HLA-C*05:01","SLLGRSLEL",9,"positive",1,1,1,1,1,1,1,0,0.125,4
"279",123307,"HLA-C*05:01","SLVDQSAAL",9,"positive",1,1,1,1,1,1,1,0,0.125,4
"280",123345,"HLA-C*05:01","SLYREILFL",9,"positive",0,1,1,1,1,1,1,1,0.125,4
"281",123637,"HLA-C*05:01","TAYGFMQSI",9,"positive",1,1,1,1,1,1,1,0,0.125,4
"282",123780,"HLA-C*05:01","TLFDYDVGL",9,"positive",1,1,1,1,1,1,1,0,0.125,4
"283",123869,"HLA-C*05:01","TLQEQLRAL",9,"positive",1,1,1,1,1,0,1,0,0.214285714285714,6
"284",124026,"HLA-C*05:01","TTNTATTAM",9,"positive",1,1,1,1,1,1,1,0,0.125,4
"285",124093,"HLA-C*05:01","VAFEEQNAV",9,"positive",1,1,1,1,1,1,1,0,0.125,4
"286",124144,"HLA-C*05:01","VAYQREPQI",9,"positive",1,1,0,1,1,0,1,1,0.214285714285714,4
"287",124347,"HLA-C*05:01","VLMEMSYRL",9,"positive",0,1,1,1,1,1,1,1,0.125,4
"288",124372,"HLA-C*05:01","VLQYVVPEV",9,"positive",0,1,1,1,1,1,1,1,0.125,4
"289",124407,"HLA-C*05:01","VLWAGTPMV",9,"positive",0,1,1,1,1,1,1,1,0.125,4
"290",124467,"HLA-C*05:01","VMYGKVYRI",9,"positive",0,1,0,1,1,1,1,1,0.214285714285714,6
"291",124470,"HLA-C*05:01","VPAGGVLTI",9,"positive",1,1,0,1,0,1,1,0,0.267857142857143,4
"292",124489,"HLA-C*05:01","VPYIGIVTI",9,"positive",0,1,0,0,0,0,1,1,0.267857142857143,4
"293",124494,"HLA-C*05:01","VPYVINVTL",9,"positive",0,1,0,0,1,0,1,1,0.285714285714286,6
"294",124551,"HLA-C*05:01","VYLPTHTSL",9,"positive",0,1,0,1,1,1,0,0,0.285714285714286,6
"295",124974,"HLA-C*05:01","YPANSIVVV",9,"positive",0,1,1,1,1,1,1,1,0.125,4
"296",125009,"HLA-C*05:01","YPYHYAPFL",9,"positive",0,1,1,1,1,1,1,1,0.125,4
"297",125128,"HLA-C*05:01","YYISPRITF",9,"positive",0,1,0,0,1,1,1,0,0.285714285714286,8
"298",125133,"HLA-C*05:01","YYTPDRMVL",9,"positive",0,1,1,1,1,1,1,0,0.214285714285714,8
"299",131139,"HLA-C*05:01","GIETIANEF",9,"positive",1,1,1,1,1,1,1,0,0.125,4
"300",138567,"HLA-C*05:01","GLEEGDQIL",9,"positive",1,1,1,1,1,1,1,0,0.125,4
